datekey,date,year,month,quarter,day,dayofweek,weekofyear,dayofyear,quartername,monthname,dayname,weekday
20241209,2024-12-09,2024,12,4,9,1,50,344,Q4,December,Monday,0
20241210,2024-12-10,2024,12,4,10,2,50,345,Q4,December,Tuesday,1
20241211,2024-12-11,2024,12,4,11,3,50,346,Q4,December,Wednesday,2
20241212,2024-12-12,2024,12,4,12,4,50,347,Q4,December,Thursday,3
20241213,2024-12-13,2024,12,4,13,5,50,348,Q4,December,Friday,4
20241214,2024-12-14,2024,12,4,14,6,50,349,Q4,December,Saturday,5
20241215,2024-12-15,2024,12,4,15,7,50,350,Q4,December,Sunday,6
20241216,2024-12-16,2024,12,4,16,1,51,351,Q4,December,Monday,0
20241217,2024-12-17,2024,12,4,17,2,51,352,Q4,December,Tuesday,1
20241218,2024-12-18,2024,12,4,18,3,51,353,Q4,December,Wednesday,2
20241219,2024-12-19,2024,12,4,19,4,51,354,Q4,December,Thursday,3
20241220,2024-12-20,2024,12,4,20,5,51,355,Q4,December,Friday,4
20241221,2024-12-21,2024,12,4,21,6,51,356,Q4,December,Saturday,5
20241222,2024-12-22,2024,12,4,22,7,51,357,Q4,December,Sunday,6
20241223,2024-12-23,2024,12,4,23,1,52,358,Q4,December,Monday,0
20241224,2024-12-24,2024,12,4,24,2,52,359,Q4,December,Tuesday,1
20241225,2024-12-25,2024,12,4,25,3,52,360,Q4,December,Wednesday,2
20241226,2024-12-26,2024,12,4,26,4,52,361,Q4,December,Thursday,3
20241227,2024-12-27,2024,12,4,27,5,52,362,Q4,December,Friday,4
20241228,2024-12-28,2024,12,4,28,6,52,363,Q4,December,Saturday,5
20241229,2024-12-29,2024,12,4,29,7,52,364,Q4,December,Sunday,6
20241230,2024-12-30,2024,12,4,30,1,1,365,Q4,December,Monday,0
20241231,2024-12-31,2024,12,4,31,2,1,366,Q4,December,Tuesday,1
20250101,2025-01-01,2025,1,1,1,3,1,1,Q1,January,Wednesday,2
20250102,2025-01-02,2025,1,1,2,4,1,2,Q1,January,Thursday,3
20250103,2025-01-03,2025,1,1,3,5,1,3,Q1,January,Friday,4
20250104,2025-01-04,2025,1,1,4,6,1,4,Q1,January,Saturday,5
20250105,2025-01-05,2025,1,1,5,7,1,5,Q1,January,Sunday,6
20250106,2025-01-06,2025,1,1,6,1,2,6,Q1,January,Monday,0
20250107,2025-01-07,2025,1,1,7,2,2,7,Q1,January,Tuesday,1
20250108,2025-01-08,2025,1,1,8,3,2,8,Q1,January,Wednesday,2
20250109,2025-01-09,2025,1,1,9,4,2,9,Q1,January,Thursday,3
20250110,2025-01-10,2025,1,1,10,5,2,10,Q1,January,Friday,4
20250111,2025-01-11,2025,1,1,11,6,2,11,Q1,January,Saturday,5
20250112,2025-01-12,2025,1,1,12,7,2,12,Q1,January,Sunday,6
20250113,2025-01-13,2025,1,1,13,1,3,13,Q1,January,Monday,0
20250114,2025-01-14,2025,1,1,14,2,3,14,Q1,January,Tuesday,1
20250115,2025-01-15,2025,1,1,15,3,3,15,Q1,January,Wednesday,2
20250116,2025-01-16,2025,1,1,16,4,3,16,Q1,January,Thursday,3
20250117,2025-01-17,2025,1,1,17,5,3,17,Q1,January,Friday,4
20250118,2025-01-18,2025,1,1,18,6,3,18,Q1,January,Saturday,5
20250119,2025-01-19,2025,1,1,19,7,3,19,Q1,January,Sunday,6
20250120,2025-01-20,2025,1,1,20,1,4,20,Q1,January,Monday,0
20250121,2025-01-21,2025,1,1,21,2,4,21,Q1,January,Tuesday,1
20250122,2025-01-22,2025,1,1,22,3,4,22,Q1,January,Wednesday,2
20250123,2025-01-23,2025,1,1,23,4,4,23,Q1,January,Thursday,3
20250124,2025-01-24,2025,1,1,24,5,4,24,Q1,January,Friday,4
20250125,2025-01-25,2025,1,1,25,6,4,25,Q1,January,Saturday,5
20250126,2025-01-26,2025,1,1,26,7,4,26,Q1,January,Sunday,6
20250127,2025-01-27,2025,1,1,27,1,5,27,Q1,January,Monday,0
20250128,2025-01-28,2025,1,1,28,2,5,28,Q1,January,Tuesday,1
20250129,2025-01-29,2025,1,1,29,3,5,29,Q1,January,Wednesday,2
20250130,2025-01-30,2025,1,1,30,4,5,30,Q1,January,Thursday,3
20250131,2025-01-31,2025,1,1,31,5,5,31,Q1,January,Friday,4
20250201,2025-02-01,2025,2,1,1,6,5,32,Q1,February,Saturday,5
20250202,2025-02-02,2025,2,1,2,7,5,33,Q1,February,Sunday,6
20250203,2025-02-03,2025,2,1,3,1,6,34,Q1,February,Monday,0
20250204,2025-02-04,2025,2,1,4,2,6,35,Q1,February,Tuesday,1
20250205,2025-02-05,2025,2,1,5,3,6,36,Q1,February,Wednesday,2
20250206,2025-02-06,2025,2,1,6,4,6,37,Q1,February,Thursday,3
20250207,2025-02-07,2025,2,1,7,5,6,38,Q1,February,Friday,4
20250208,2025-02-08,2025,2,1,8,6,6,39,Q1,February,Saturday,5
20250209,2025-02-09,2025,2,1,9,7,6,40,Q1,February,Sunday,6
20250210,2025-02-10,2025,2,1,10,1,7,41,Q1,February,Monday,0
20250211,2025-02-11,2025,2,1,11,2,7,42,Q1,February,Tuesday,1
20250212,2025-02-12,2025,2,1,12,3,7,43,Q1,February,Wednesday,2
20250213,2025-02-13,2025,2,1,13,4,7,44,Q1,February,Thursday,3
20250214,2025-02-14,2025,2,1,14,5,7,45,Q1,February,Friday,4
20250215,2025-02-15,2025,2,1,15,6,7,46,Q1,February,Saturday,5
20250216,2025-02-16,2025,2,1,16,7,7,47,Q1,February,Sunday,6
20250217,2025-02-17,2025,2,1,17,1,8,48,Q1,February,Monday,0
20250218,2025-02-18,2025,2,1,18,2,8,49,Q1,February,Tuesday,1
20250219,2025-02-19,2025,2,1,19,3,8,50,Q1,February,Wednesday,2
20250220,2025-02-20,2025,2,1,20,4,8,51,Q1,February,Thursday,3
20250221,2025-02-21,2025,2,1,21,5,8,52,Q1,February,Friday,4
20250222,2025-02-22,2025,2,1,22,6,8,53,Q1,February,Saturday,5
20250223,2025-02-23,2025,2,1,23,7,8,54,Q1,February,Sunday,6
20250224,2025-02-24,2025,2,1,24,1,9,55,Q1,February,Monday,0
20250225,2025-02-25,2025,2,1,25,2,9,56,Q1,February,Tuesday,1
20250226,2025-02-26,2025,2,1,26,3,9,57,Q1,February,Wednesday,2
20250227,2025-02-27,2025,2,1,27,4,9,58,Q1,February,Thursday,3
20250228,2025-02-28,2025,2,1,28,5,9,59,Q1,February,Friday,4
20250301,2025-03-01,2025,3,1,1,6,9,60,Q1,March,Saturday,5
20250302,2025-03-02,2025,3,1,2,7,9,61,Q1,March,Sunday,6
20250303,2025-03-03,2025,3,1,3,1,10,62,Q1,March,Monday,0
20250304,2025-03-04,2025,3,1,4,2,10,63,Q1,March,Tuesday,1
20250305,2025-03-05,2025,3,1,5,3,10,64,Q1,March,Wednesday,2
20250306,2025-03-06,2025,3,1,6,4,10,65,Q1,March,Thursday,3
20250307,2025-03-07,2025,3,1,7,5,10,66,Q1,March,Friday,4
20250308,2025-03-08,2025,3,1,8,6,10,67,Q1,March,Saturday,5
20250309,2025-03-09,2025,3,1,9,7,10,68,Q1,March,Sunday,6
20250310,2025-03-10,2025,3,1,10,1,11,69,Q1,March,Monday,0
20250311,2025-03-11,2025,3,1,11,2,11,70,Q1,March,Tuesday,1
20250312,2025-03-12,2025,3,1,12,3,11,71,Q1,March,Wednesday,2
20250313,2025-03-13,2025,3,1,13,4,11,72,Q1,March,Thursday,3
20250314,2025-03-14,2025,3,1,14,5,11,73,Q1,March,Friday,4
20250315,2025-03-15,2025,3,1,15,6,11,74,Q1,March,Saturday,5
20250316,2025-03-16,2025,3,1,16,7,11,75,Q1,March,Sunday,6
20250317,2025-03-17,2025,3,1,17,1,12,76,Q1,March,Monday,0
20250318,2025-03-18,2025,3,1,18,2,12,77,Q1,March,Tuesday,1
20250319,2025-03-19,2025,3,1,19,3,12,78,Q1,March,Wednesday,2
20250320,2025-03-20,2025,3,1,20,4,12,79,Q1,March,Thursday,3
20250321,2025-03-21,2025,3,1,21,5,12,80,Q1,March,Friday,4
20250322,2025-03-22,2025,3,1,22,6,12,81,Q1,March,Saturday,5
20250323,2025-03-23,2025,3,1,23,7,12,82,Q1,March,Sunday,6
20250324,2025-03-24,2025,3,1,24,1,13,83,Q1,March,Monday,0
20250325,2025-03-25,2025,3,1,25,2,13,84,Q1,March,Tuesday,1
20250326,2025-03-26,2025,3,1,26,3,13,85,Q1,March,Wednesday,2
20250327,2025-03-27,2025,3,1,27,4,13,86,Q1,March,Thursday,3
20250328,2025-03-28,2025,3,1,28,5,13,87,Q1,March,Friday,4
20250329,2025-03-29,2025,3,1,29,6,13,88,Q1,March,Saturday,5
20250330,2025-03-30,2025,3,1,30,7,13,89,Q1,March,Sunday,6
20250331,2025-03-31,2025,3,1,31,1,14,90,Q1,March,Monday,0
20250401,2025-04-01,2025,4,2,1,2,14,91,Q2,April,Tuesday,1
20250402,2025-04-02,2025,4,2,2,3,14,92,Q2,April,Wednesday,2
20250403,2025-04-03,2025,4,2,3,4,14,93,Q2,April,Thursday,3
20250404,2025-04-04,2025,4,2,4,5,14,94,Q2,April,Friday,4
20250405,2025-04-05,2025,4,2,5,6,14,95,Q2,April,Saturday,5
20250406,2025-04-06,2025,4,2,6,7,14,96,Q2,April,Sunday,6
20250407,2025-04-07,2025,4,2,7,1,15,97,Q2,April,Monday,0
20250408,2025-04-08,2025,4,2,8,2,15,98,Q2,April,Tuesday,1
20250409,2025-04-09,2025,4,2,9,3,15,99,Q2,April,Wednesday,2
20250410,2025-04-10,2025,4,2,10,4,15,100,Q2,April,Thursday,3
20250411,2025-04-11,2025,4,2,11,5,15,101,Q2,April,Friday,4
20250412,2025-04-12,2025,4,2,12,6,15,102,Q2,April,Saturday,5
20250413,2025-04-13,2025,4,2,13,7,15,103,Q2,April,Sunday,6
20250414,2025-04-14,2025,4,2,14,1,16,104,Q2,April,Monday,0
20250415,2025-04-15,2025,4,2,15,2,16,105,Q2,April,Tuesday,1
20250416,2025-04-16,2025,4,2,16,3,16,106,Q2,April,Wednesday,2
20250417,2025-04-17,2025,4,2,17,4,16,107,Q2,April,Thursday,3
20250418,2025-04-18,2025,4,2,18,5,16,108,Q2,April,Friday,4
20250419,2025-04-19,2025,4,2,19,6,16,109,Q2,April,Saturday,5
20250420,2025-04-20,2025,4,2,20,7,16,110,Q2,April,Sunday,6
20250421,2025-04-21,2025,4,2,21,1,17,111,Q2,April,Monday,0
20250422,2025-04-22,2025,4,2,22,2,17,112,Q2,April,Tuesday,1
20250423,2025-04-23,2025,4,2,23,3,17,113,Q2,April,Wednesday,2
20250424,2025-04-24,2025,4,2,24,4,17,114,Q2,April,Thursday,3
20250425,2025-04-25,2025,4,2,25,5,17,115,Q2,April,Friday,4
20250426,2025-04-26,2025,4,2,26,6,17,116,Q2,April,Saturday,5
20250427,2025-04-27,2025,4,2,27,7,17,117,Q2,April,Sunday,6
20250428,2025-04-28,2025,4,2,28,1,18,118,Q2,April,Monday,0
20250429,2025-04-29,2025,4,2,29,2,18,119,Q2,April,Tuesday,1
20250430,2025-04-30,2025,4,2,30,3,18,120,Q2,April,Wednesday,2
20250501,2025-05-01,2025,5,2,1,4,18,121,Q2,May,Thursday,3
20250502,2025-05-02,2025,5,2,2,5,18,122,Q2,May,Friday,4
20250503,2025-05-03,2025,5,2,3,6,18,123,Q2,May,Saturday,5
20250504,2025-05-04,2025,5,2,4,7,18,124,Q2,May,Sunday,6
20250505,2025-05-05,2025,5,2,5,1,19,125,Q2,May,Monday,0
20250506,2025-05-06,2025,5,2,6,2,19,126,Q2,May,Tuesday,1
20250507,2025-05-07,2025,5,2,7,3,19,127,Q2,May,Wednesday,2
20250508,2025-05-08,2025,5,2,8,4,19,128,Q2,May,Thursday,3
20250509,2025-05-09,2025,5,2,9,5,19,129,Q2,May,Friday,4
20250510,2025-05-10,2025,5,2,10,6,19,130,Q2,May,Saturday,5
20250511,2025-05-11,2025,5,2,11,7,19,131,Q2,May,Sunday,6
20250512,2025-05-12,2025,5,2,12,1,20,132,Q2,May,Monday,0
20250513,2025-05-13,2025,5,2,13,2,20,133,Q2,May,Tuesday,1
20250514,2025-05-14,2025,5,2,14,3,20,134,Q2,May,Wednesday,2
20250515,2025-05-15,2025,5,2,15,4,20,135,Q2,May,Thursday,3
20250516,2025-05-16,2025,5,2,16,5,20,136,Q2,May,Friday,4
20250517,2025-05-17,2025,5,2,17,6,20,137,Q2,May,Saturday,5
20250518,2025-05-18,2025,5,2,18,7,20,138,Q2,May,Sunday,6
20250519,2025-05-19,2025,5,2,19,1,21,139,Q2,May,Monday,0
20250520,2025-05-20,2025,5,2,20,2,21,140,Q2,May,Tuesday,1
20250521,2025-05-21,2025,5,2,21,3,21,141,Q2,May,Wednesday,2
20250522,2025-05-22,2025,5,2,22,4,21,142,Q2,May,Thursday,3
20250523,2025-05-23,2025,5,2,23,5,21,143,Q2,May,Friday,4
20250524,2025-05-24,2025,5,2,24,6,21,144,Q2,May,Saturday,5
20250525,2025-05-25,2025,5,2,25,7,21,145,Q2,May,Sunday,6
20250526,2025-05-26,2025,5,2,26,1,22,146,Q2,May,Monday,0
20250527,2025-05-27,2025,5,2,27,2,22,147,Q2,May,Tuesday,1
20250528,2025-05-28,2025,5,2,28,3,22,148,Q2,May,Wednesday,2
20250529,2025-05-29,2025,5,2,29,4,22,149,Q2,May,Thursday,3
20250530,2025-05-30,2025,5,2,30,5,22,150,Q2,May,Friday,4
20250531,2025-05-31,2025,5,2,31,6,22,151,Q2,May,Saturday,5
20250601,2025-06-01,2025,6,2,1,7,22,152,Q2,June,Sunday,6
20250602,2025-06-02,2025,6,2,2,1,23,153,Q2,June,Monday,0
20250603,2025-06-03,2025,6,2,3,2,23,154,Q2,June,Tuesday,1
20250604,2025-06-04,2025,6,2,4,3,23,155,Q2,June,Wednesday,2
20250605,2025-06-05,2025,6,2,5,4,23,156,Q2,June,Thursday,3
20250606,2025-06-06,2025,6,2,6,5,23,157,Q2,June,Friday,4
20250607,2025-06-07,2025,6,2,7,6,23,158,Q2,June,Saturday,5
20250608,2025-06-08,2025,6,2,8,7,23,159,Q2,June,Sunday,6
20250609,2025-06-09,2025,6,2,9,1,24,160,Q2,June,Monday,0
20250610,2025-06-10,2025,6,2,10,2,24,161,Q2,June,Tuesday,1
20250611,2025-06-11,2025,6,2,11,3,24,162,Q2,June,Wednesday,2
20250612,2025-06-12,2025,6,2,12,4,24,163,Q2,June,Thursday,3
20250613,2025-06-13,2025,6,2,13,5,24,164,Q2,June,Friday,4
20250614,2025-06-14,2025,6,2,14,6,24,165,Q2,June,Saturday,5
20250615,2025-06-15,2025,6,2,15,7,24,166,Q2,June,Sunday,6
20250616,2025-06-16,2025,6,2,16,1,25,167,Q2,June,Monday,0
20250617,2025-06-17,2025,6,2,17,2,25,168,Q2,June,Tuesday,1
20250618,2025-06-18,2025,6,2,18,3,25,169,Q2,June,Wednesday,2
20250619,2025-06-19,2025,6,2,19,4,25,170,Q2,June,Thursday,3
20250620,2025-06-20,2025,6,2,20,5,25,171,Q2,June,Friday,4
20250621,2025-06-21,2025,6,2,21,6,25,172,Q2,June,Saturday,5
20250622,2025-06-22,2025,6,2,22,7,25,173,Q2,June,Sunday,6
20250623,2025-06-23,2025,6,2,23,1,26,174,Q2,June,Monday,0
20250624,2025-06-24,2025,6,2,24,2,26,175,Q2,June,Tuesday,1
20250625,2025-06-25,2025,6,2,25,3,26,176,Q2,June,Wednesday,2
20250626,2025-06-26,2025,6,2,26,4,26,177,Q2,June,Thursday,3
20250627,2025-06-27,2025,6,2,27,5,26,178,Q2,June,Friday,4
20250628,2025-06-28,2025,6,2,28,6,26,179,Q2,June,Saturday,5
20250629,2025-06-29,2025,6,2,29,7,26,180,Q2,June,Sunday,6
20250630,2025-06-30,2025,6,2,30,1,27,181,Q2,June,Monday,0
20250701,2025-07-01,2025,7,3,1,2,27,182,Q3,July,Tuesday,1
20250702,2025-07-02,2025,7,3,2,3,27,183,Q3,July,Wednesday,2
20250703,2025-07-03,2025,7,3,3,4,27,184,Q3,July,Thursday,3
20250704,2025-07-04,2025,7,3,4,5,27,185,Q3,July,Friday,4
20250705,2025-07-05,2025,7,3,5,6,27,186,Q3,July,Saturday,5
20250706,2025-07-06,2025,7,3,6,7,27,187,Q3,July,Sunday,6
20250707,2025-07-07,2025,7,3,7,1,28,188,Q3,July,Monday,0
20250708,2025-07-08,2025,7,3,8,2,28,189,Q3,July,Tuesday,1
20250709,2025-07-09,2025,7,3,9,3,28,190,Q3,July,Wednesday,2
20250710,2025-07-10,2025,7,3,10,4,28,191,Q3,July,Thursday,3
20250711,2025-07-11,2025,7,3,11,5,28,192,Q3,July,Friday,4
20250712,2025-07-12,2025,7,3,12,6,28,193,Q3,July,Saturday,5
20250713,2025-07-13,2025,7,3,13,7,28,194,Q3,July,Sunday,6
20250714,2025-07-14,2025,7,3,14,1,29,195,Q3,July,Monday,0
20250715,2025-07-15,2025,7,3,15,2,29,196,Q3,July,Tuesday,1
20250716,2025-07-16,2025,7,3,16,3,29,197,Q3,July,Wednesday,2
20250717,2025-07-17,2025,7,3,17,4,29,198,Q3,July,Thursday,3
20250718,2025-07-18,2025,7,3,18,5,29,199,Q3,July,Friday,4
20250719,2025-07-19,2025,7,3,19,6,29,200,Q3,July,Saturday,5
20250720,2025-07-20,2025,7,3,20,7,29,201,Q3,July,Sunday,6
20250721,2025-07-21,2025,7,3,21,1,30,202,Q3,July,Monday,0
20250722,2025-07-22,2025,7,3,22,2,30,203,Q3,July,Tuesday,1
20250723,2025-07-23,2025,7,3,23,3,30,204,Q3,July,Wednesday,2
20250724,2025-07-24,2025,7,3,24,4,30,205,Q3,July,Thursday,3
20250725,2025-07-25,2025,7,3,25,5,30,206,Q3,July,Friday,4
20250726,2025-07-26,2025,7,3,26,6,30,207,Q3,July,Saturday,5
20250727,2025-07-27,2025,7,3,27,7,30,208,Q3,July,Sunday,6
20250728,2025-07-28,2025,7,3,28,1,31,209,Q3,July,Monday,0
20250729,2025-07-29,2025,7,3,29,2,31,210,Q3,July,Tuesday,1
20250730,2025-07-30,2025,7,3,30,3,31,211,Q3,July,Wednesday,2
20250731,2025-07-31,2025,7,3,31,4,31,212,Q3,July,Thursday,3
20250801,2025-08-01,2025,8,3,1,5,31,213,Q3,August,Friday,4
20250802,2025-08-02,2025,8,3,2,6,31,214,Q3,August,Saturday,5
20250803,2025-08-03,2025,8,3,3,7,31,215,Q3,August,Sunday,6
20250804,2025-08-04,2025,8,3,4,1,32,216,Q3,August,Monday,0
20250805,2025-08-05,2025,8,3,5,2,32,217,Q3,August,Tuesday,1
20250806,2025-08-06,2025,8,3,6,3,32,218,Q3,August,Wednesday,2
20250807,2025-08-07,2025,8,3,7,4,32,219,Q3,August,Thursday,3
20250808,2025-08-08,2025,8,3,8,5,32,220,Q3,August,Friday,4
20250809,2025-08-09,2025,8,3,9,6,32,221,Q3,August,Saturday,5
20250810,2025-08-10,2025,8,3,10,7,32,222,Q3,August,Sunday,6
20250811,2025-08-11,2025,8,3,11,1,33,223,Q3,August,Monday,0
20250812,2025-08-12,2025,8,3,12,2,33,224,Q3,August,Tuesday,1
20250813,2025-08-13,2025,8,3,13,3,33,225,Q3,August,Wednesday,2
20250814,2025-08-14,2025,8,3,14,4,33,226,Q3,August,Thursday,3
20250815,2025-08-15,2025,8,3,15,5,33,227,Q3,August,Friday,4
20250816,2025-08-16,2025,8,3,16,6,33,228,Q3,August,Saturday,5
20250817,2025-08-17,2025,8,3,17,7,33,229,Q3,August,Sunday,6
20250818,2025-08-18,2025,8,3,18,1,34,230,Q3,August,Monday,0
20250819,2025-08-19,2025,8,3,19,2,34,231,Q3,August,Tuesday,1
20250820,2025-08-20,2025,8,3,20,3,34,232,Q3,August,Wednesday,2
20250821,2025-08-21,2025,8,3,21,4,34,233,Q3,August,Thursday,3
20250822,2025-08-22,2025,8,3,22,5,34,234,Q3,August,Friday,4
20250823,2025-08-23,2025,8,3,23,6,34,235,Q3,August,Saturday,5
20250824,2025-08-24,2025,8,3,24,7,34,236,Q3,August,Sunday,6
20250825,2025-08-25,2025,8,3,25,1,35,237,Q3,August,Monday,0
20250826,2025-08-26,2025,8,3,26,2,35,238,Q3,August,Tuesday,1
20250827,2025-08-27,2025,8,3,27,3,35,239,Q3,August,Wednesday,2
20250828,2025-08-28,2025,8,3,28,4,35,240,Q3,August,Thursday,3
20250829,2025-08-29,2025,8,3,29,5,35,241,Q3,August,Friday,4
20250830,2025-08-30,2025,8,3,30,6,35,242,Q3,August,Saturday,5
20250831,2025-08-31,2025,8,3,31,7,35,243,Q3,August,Sunday,6
20250901,2025-09-01,2025,9,3,1,1,36,244,Q3,September,Monday,0
20250902,2025-09-02,2025,9,3,2,2,36,245,Q3,September,Tuesday,1
20250903,2025-09-03,2025,9,3,3,3,36,246,Q3,September,Wednesday,2
20250904,2025-09-04,2025,9,3,4,4,36,247,Q3,September,Thursday,3
20250905,2025-09-05,2025,9,3,5,5,36,248,Q3,September,Friday,4
20250906,2025-09-06,2025,9,3,6,6,36,249,Q3,September,Saturday,5
20250907,2025-09-07,2025,9,3,7,7,36,250,Q3,September,Sunday,6
20250908,2025-09-08,2025,9,3,8,1,37,251,Q3,September,Monday,0
20250909,2025-09-09,2025,9,3,9,2,37,252,Q3,September,Tuesday,1
20250910,2025-09-10,2025,9,3,10,3,37,253,Q3,September,Wednesday,2
20250911,2025-09-11,2025,9,3,11,4,37,254,Q3,September,Thursday,3
20250912,2025-09-12,2025,9,3,12,5,37,255,Q3,September,Friday,4
20250913,2025-09-13,2025,9,3,13,6,37,256,Q3,September,Saturday,5
20250914,2025-09-14,2025,9,3,14,7,37,257,Q3,September,Sunday,6
20250915,2025-09-15,2025,9,3,15,1,38,258,Q3,September,Monday,0
20250916,2025-09-16,2025,9,3,16,2,38,259,Q3,September,Tuesday,1
20250917,2025-09-17,2025,9,3,17,3,38,260,Q3,September,Wednesday,2
20250918,2025-09-18,2025,9,3,18,4,38,261,Q3,September,Thursday,3
20250919,2025-09-19,2025,9,3,19,5,38,262,Q3,September,Friday,4
20250920,2025-09-20,2025,9,3,20,6,38,263,Q3,September,Saturday,5
20250921,2025-09-21,2025,9,3,21,7,38,264,Q3,September,Sunday,6
20250922,2025-09-22,2025,9,3,22,1,39,265,Q3,September,Monday,0
20250923,2025-09-23,2025,9,3,23,2,39,266,Q3,September,Tuesday,1
20250924,2025-09-24,2025,9,3,24,3,39,267,Q3,September,Wednesday,2
20250925,2025-09-25,2025,9,3,25,4,39,268,Q3,September,Thursday,3
20250926,2025-09-26,2025,9,3,26,5,39,269,Q3,September,Friday,4
20250927,2025-09-27,2025,9,3,27,6,39,270,Q3,September,Saturday,5
20250928,2025-09-28,2025,9,3,28,7,39,271,Q3,September,Sunday,6
20250929,2025-09-29,2025,9,3,29,1,40,272,Q3,September,Monday,0
20250930,2025-09-30,2025,9,3,30,2,40,273,Q3,September,Tuesday,1
20251001,2025-10-01,2025,10,4,1,3,40,274,Q4,October,Wednesday,2
20251002,2025-10-02,2025,10,4,2,4,40,275,Q4,October,Thursday,3
20251003,2025-10-03,2025,10,4,3,5,40,276,Q4,October,Friday,4
20251004,2025-10-04,2025,10,4,4,6,40,277,Q4,October,Saturday,5
20251005,2025-10-05,2025,10,4,5,7,40,278,Q4,October,Sunday,6
20251006,2025-10-06,2025,10,4,6,1,41,279,Q4,October,Monday,0
20251007,2025-10-07,2025,10,4,7,2,41,280,Q4,October,Tuesday,1
20251008,2025-10-08,2025,10,4,8,3,41,281,Q4,October,Wednesday,2
20251009,2025-10-09,2025,10,4,9,4,41,282,Q4,October,Thursday,3
20251010,2025-10-10,2025,10,4,10,5,41,283,Q4,October,Friday,4
20251011,2025-10-11,2025,10,4,11,6,41,284,Q4,October,Saturday,5
20251012,2025-10-12,2025,10,4,12,7,41,285,Q4,October,Sunday,6
20251013,2025-10-13,2025,10,4,13,1,42,286,Q4,October,Monday,0
20251014,2025-10-14,2025,10,4,14,2,42,287,Q4,October,Tuesday,1
20251015,2025-10-15,2025,10,4,15,3,42,288,Q4,October,Wednesday,2
20251016,2025-10-16,2025,10,4,16,4,42,289,Q4,October,Thursday,3
20251017,2025-10-17,2025,10,4,17,5,42,290,Q4,October,Friday,4
20251018,2025-10-18,2025,10,4,18,6,42,291,Q4,October,Saturday,5
20251019,2025-10-19,2025,10,4,19,7,42,292,Q4,October,Sunday,6
20251020,2025-10-20,2025,10,4,20,1,43,293,Q4,October,Monday,0
20251021,2025-10-21,2025,10,4,21,2,43,294,Q4,October,Tuesday,1
20251022,2025-10-22,2025,10,4,22,3,43,295,Q4,October,Wednesday,2
20251023,2025-10-23,2025,10,4,23,4,43,296,Q4,October,Thursday,3
20251024,2025-10-24,2025,10,4,24,5,43,297,Q4,October,Friday,4
20251025,2025-10-25,2025,10,4,25,6,43,298,Q4,October,Saturday,5
20251026,2025-10-26,2025,10,4,26,7,43,299,Q4,October,Sunday,6
20251027,2025-10-27,2025,10,4,27,1,44,300,Q4,October,Monday,0
20251028,2025-10-28,2025,10,4,28,2,44,301,Q4,October,Tuesday,1
20251029,2025-10-29,2025,10,4,29,3,44,302,Q4,October,Wednesday,2
20251030,2025-10-30,2025,10,4,30,4,44,303,Q4,October,Thursday,3
20251031,2025-10-31,2025,10,4,31,5,44,304,Q4,October,Friday,4
20251101,2025-11-01,2025,11,4,1,6,44,305,Q4,November,Saturday,5
20251102,2025-11-02,2025,11,4,2,7,44,306,Q4,November,Sunday,6
20251103,2025-11-03,2025,11,4,3,1,45,307,Q4,November,Monday,0
20251104,2025-11-04,2025,11,4,4,2,45,308,Q4,November,Tuesday,1
20251105,2025-11-05,2025,11,4,5,3,45,309,Q4,November,Wednesday,2
20251106,2025-11-06,2025,11,4,6,4,45,310,Q4,November,Thursday,3
20251107,2025-11-07,2025,11,4,7,5,45,311,Q4,November,Friday,4
20251108,2025-11-08,2025,11,4,8,6,45,312,Q4,November,Saturday,5
20251109,2025-11-09,2025,11,4,9,7,45,313,Q4,November,Sunday,6
20251110,2025-11-10,2025,11,4,10,1,46,314,Q4,November,Monday,0
20251111,2025-11-11,2025,11,4,11,2,46,315,Q4,November,Tuesday,1
20251112,2025-11-12,2025,11,4,12,3,46,316,Q4,November,Wednesday,2
20251113,2025-11-13,2025,11,4,13,4,46,317,Q4,November,Thursday,3
20251114,2025-11-14,2025,11,4,14,5,46,318,Q4,November,Friday,4
20251115,2025-11-15,2025,11,4,15,6,46,319,Q4,November,Saturday,5
20251116,2025-11-16,2025,11,4,16,7,46,320,Q4,November,Sunday,6
20251117,2025-11-17,2025,11,4,17,1,47,321,Q4,November,Monday,0
20251118,2025-11-18,2025,11,4,18,2,47,322,Q4,November,Tuesday,1
20251119,2025-11-19,2025,11,4,19,3,47,323,Q4,November,Wednesday,2
20251120,2025-11-20,2025,11,4,20,4,47,324,Q4,November,Thursday,3
20251121,2025-11-21,2025,11,4,21,5,47,325,Q4,November,Friday,4
20251122,2025-11-22,2025,11,4,22,6,47,326,Q4,November,Saturday,5
20251123,2025-11-23,2025,11,4,23,7,47,327,Q4,November,Sunday,6
20251124,2025-11-24,2025,11,4,24,1,48,328,Q4,November,Monday,0
20251125,2025-11-25,2025,11,4,25,2,48,329,Q4,November,Tuesday,1
20251126,2025-11-26,2025,11,4,26,3,48,330,Q4,November,Wednesday,2
20251127,2025-11-27,2025,11,4,27,4,48,331,Q4,November,Thursday,3
20251128,2025-11-28,2025,11,4,28,5,48,332,Q4,November,Friday,4
20251129,2025-11-29,2025,11,4,29,6,48,333,Q4,November,Saturday,5
20251130,2025-11-30,2025,11,4,30,7,48,334,Q4,November,Sunday,6
20251201,2025-12-01,2025,12,4,1,1,49,335,Q4,December,Monday,0
20251202,2025-12-02,2025,12,4,2,2,49,336,Q4,December,Tuesday,1
20251203,2025-12-03,2025,12,4,3,3,49,337,Q4,December,Wednesday,2
20251204,2025-12-04,2025,12,4,4,4,49,338,Q4,December,Thursday,3
20251205,2025-12-05,2025,12,4,5,5,49,339,Q4,December,Friday,4
20251206,2025-12-06,2025,12,4,6,6,49,340,Q4,December,Saturday,5
20251207,2025-12-07,2025,12,4,7,7,49,341,Q4,December,Sunday,6
20251208,2025-12-08,2025,12,4,8,1,50,342,Q4,December,Monday,0
